{"cameraMode":{"drawMode":0,"name":"Shaded","section":"Shading Mode"},"sceneLighting":false,"audioPlay":false,"sceneViewState":{"m_AlwaysRefresh":false,"showFog":true,"showSkybox":false,"showFlares":true,"showImageEffects":true,"showParticleSystems":true,"showVisualEffectGraphs":true,"m_FxEnabled":true},"in2DMode":false,"pivot":{"x":59.013694763183597,"y":34.49800109863281,"z":7.450580596923828e-9},"rotation":{"x":0.07041288912296295,"y":0.02842533215880394,"z":-0.002007506787776947,"w":0.9971092939376831},"size":39.67255783081055,"orthographic":false}