{"cameraMode":{"drawMode":0,"name":"Shaded","section":"Shading Mode"},"sceneLighting":true,"audioPlay":false,"sceneViewState":{"m_AlwaysRefresh":false,"showFog":true,"showSkybox":true,"showFlares":true,"showImageEffects":true,"showParticleSystems":true,"showVisualEffectGraphs":true,"m_FxEnabled":true},"in2DMode":false,"pivot":{"x":71.29554748535156,"y":34.17360305786133,"z":4.583044052124023},"rotation":{"x":-0.011998998001217842,"y":-0.010499025695025921,"z":-0.00012599512410815805,"w":0.9998703598976135},"size":18.584503173828126,"orthographic":true}