{"cameraMode":{"drawMode":0,"name":"Shaded","section":"Shading Mode"},"sceneLighting":true,"audioPlay":false,"sceneViewState":{"m_AlwaysRefresh":false,"showFog":true,"showSkybox":true,"showFlares":true,"showImageEffects":true,"showParticleSystems":true,"showVisualEffectGraphs":true,"m_FxEnabled":true},"in2DMode":false,"pivot":{"x":87.20610809326172,"y":-20.812049865722658,"z":-94.82450866699219},"rotation":{"x":-0.021765979006886483,"y":-0.9780771732330322,"z":0.13733386993408204,"w":-0.1550375372171402},"size":124.10957336425781,"orthographic":false}