{"cameraMode":{"drawMode":0,"name":"Shaded","section":"Shading Mode"},"sceneLighting":true,"audioPlay":false,"sceneViewState":{"m_AlwaysRefresh":false,"showFog":true,"showSkybox":true,"showFlares":true,"showImageEffects":true,"showParticleSystems":true,"showVisualEffectGraphs":true,"m_FxEnabled":true},"in2DMode":false,"pivot":{"x":47.01921081542969,"y":39.57695388793945,"z":19.885515213012697},"rotation":{"x":-0.04492975398898125,"y":0.04942978546023369,"z":0.0022256432566791775,"w":0.9977648258209229},"size":20.858619689941408,"orthographic":false}