{"cameraMode":{"drawMode":0,"name":"Shaded","section":"Shading Mode"},"sceneLighting":true,"audioPlay":false,"sceneViewState":{"m_AlwaysRefresh":false,"showFog":true,"showSkybox":true,"showFlares":true,"showImageEffects":true,"showParticleSystems":true,"showVisualEffectGraphs":true,"m_FxEnabled":true},"in2DMode":false,"pivot":{"x":70.05249786376953,"y":43.90179443359375,"z":-1.7642631530761719},"rotation":{"x":-0.011998998001217842,"y":-0.010499025695025921,"z":-0.00012599512410815805,"w":0.9998703598976135},"size":32.43936538696289,"orthographic":true}