{"cameraMode":{"drawMode":0,"name":"Shaded","section":"Shading Mode"},"sceneLighting":true,"audioPlay":false,"sceneViewState":{"m_AlwaysRefresh":false,"showFog":true,"showSkybox":true,"showFlares":true,"showImageEffects":true,"showParticleSystems":true,"showVisualEffectGraphs":true,"m_FxEnabled":true},"in2DMode":false,"pivot":{"x":90.4150390625,"y":33.865135192871097,"z":32.141353607177737},"rotation":{"x":0.04348605126142502,"y":-0.001498537021689117,"z":0.00006528766971314326,"w":0.9990493655204773},"size":29.98540687561035,"orthographic":true}