{"cameraMode":{"drawMode":0,"name":"Shaded","section":"Shading Mode"},"sceneLighting":true,"audioPlay":false,"sceneViewState":{"m_AlwaysRefresh":false,"showFog":true,"showSkybox":true,"showFlares":true,"showImageEffects":true,"showParticleSystems":true,"showVisualEffectGraphs":true,"m_FxEnabled":true},"in2DMode":false,"pivot":{"x":139.73501586914063,"y":34.23710250854492,"z":24.41928482055664},"rotation":{"x":0.010489133186638356,"y":-0.044982198625802997,"z":0.0004723912861663848,"w":0.998930811882019},"size":119.34626007080078,"orthographic":true}